{
    "Accuracy Score": 0.44,
    "Precision Score": 0.4678438030560271,
    "Recall Score": 0.44,
    "F1 Score": 0.4355128205128206
}