{
    "Accuracy Score": 0.48,
    "Precision Score": 0.5119185059422751,
    "Recall Score": 0.48,
    "F1 Score": 0.4758333333333333
}